"presup_id","presup_numero","presup_fecha_creacion","cliente_rut","presup_detalle","presup_neto_uf","presup_iva_uf","presup_total_uf","presup_neto_clp","presup_iva_clp","presup_total_clp","presup_enviado","presup_fecha_envio","presup_adjudicada","presup_oc_cliente","estatus_codigo","area_codigo"
"2","20200001","2020-07-17","79638430","Power Pack","0","0","0","0","0","0","1","2020-07-18","0","0","5","2"
"3","20200002","2020-07-18","83156400","Banco MLP","0","0","0","3998176","759653.44","4757829.44","1","0000-00-00","0","0","5","2"
"4","20200003","2020-07-18","83156400","Tensor Correa","0","0","0","1438368","273289.92","1711657.92","1","2020-07-18","0","0","5","2"
"5","20200004","2020-07-18","83156400","Pupitre Komatsu","0","0","0","778984","148006.96","926990.96","1","0000-00-00","0","0","5","2"
"6","20200005","2020-07-18","83156400","REGULARIZACION PLANO HIDRAULICO KOMATSU ANTOFAGASTA","0","0","0","243791","46320.29","290111.29","1","0000-00-00","1","18700","3","2"
"7","20200006","2020-07-18","83156400","REGULARIZACION CASETA KOMATSU SANTIAGO","0","0","0","357082","67845.58","424927.58","1","0000-00-00","1","18679","3","2"
"8","20200007","2020-07-18","83156400","ESTUDIO ATRIL DE CABEZAL","0","0","0","248380","47192.2","295572.2","1","0000-00-00","1","41810824","3","2"
"9","20200008","2020-07-18","83156400","REGULARIZACION PLANO ELECTRICO KOMATSU SANTIAGO","0","0","0","0","0","0","0","0000-00-00","0","0","5","2"
"10","20200009","2020-07-18","76068105","DISEÑO UNIDAD CALIBRACION Y ANALISIS DE POLINES ","0","0","0","0","0","0","0","0000-00-00","0","0","5","2"
"11","20200010","2020-07-18","83156400","REGULARIZACION PLANO HIDRAULICO KOMATSU SANTIAGO","0","0","0","243791","46320.29","290111.29","1","2020-08-14","1","0","3","2"
"12","20200011","2020-07-18","83156400","REGULARIZACION PLANO ELECTRICO KOMATSU ANTOFAGASTA","0","0","0","243791","46320.29","290111.29","1","0000-00-00","1","41810867","3","2"
"13","20200012","2020-07-18","96939290","PROYEC_CASETA_GUARDIA","0","0","0","539720","102546.8","642266.8","1","2020-07-27","1","0","3","3"
"14","20200013","2020-07-18","96939290","PROYEC_CAMARAS_RIEGO","0","0","0","3381603","642504.57","4024107.57","1","0000-00-00","1","8062020","3","3"
"15","20200014","2020-07-18","96939290","AUMENTO DE CAMARAS PARA CONTROL DE PERIFERIA","0","0","0","1998720","379756.8","2378476.8","1","0000-00-00","1","0","3","3"
"16","20200015","2020-07-18","96939290","I RIEGO (RIEGO INTELIGENTE)","0","0","0","47756899","9073810.81","56830709.81","1","0000-00-00","0","0","5","1"
"17","20200016","2020-07-18","96939290","CAMARAS  EN POSTES CON PANEL SOLAR","0","0","0","0","0","0","0","0000-00-00","0","0","5","1"
"18","20200017","2020-07-18","96939290","CANALIZACION ELECTRICA PARA SW (REF 2020 0014)","0","0","0","340900","64771","405671","1","0000-00-00","1","0","3","3"
"19","20200018","2020-07-18","96939290","GESTION DE  COSTOS","0","0","0","3000000","570000","3570000","1","0000-00-00","1","9112018","3","1"
"20","20200019","2020-07-18","96939290","PROYEC_TARJA","0","0","0","17000000","3230000","20230000","1","2020-08-30","0","0","5","1"
"21","20200020","2020-07-18","82415700","Sistemas de Camaras de Seguridad","0","0","0","7577677","1439758.63","9017435.63","1","0000-00-00","0","0","5","3"
"22","20200021","2020-07-18","99539360","Plataforma Revisión remota de Indicadores en Linea de Procesos","0","0","0","0","0","0","0","0000-00-00","0","0","5","1"
"23","20200022","2020-07-18","76351381","Sistema Trazabilidad de cajas llenas","0","0","0","0","0","0","0","0000-00-00","0","0","5","1"
"24","20200023","2020-07-18","78577740","Camaras de Seguridad","0","0","0","1761700","334723","2096423","1","0000-00-00","0","0","5","3"
"28","20200024","2020-07-19","82415700","Sistema UPS para planta","0","0","0","9068729","1723058.51","10791787.51","1","2020-07-19","0","0","5","1"
"29","20200025","2020-07-19","96939290","AUMENTO CAPACIDAD DISCOS DUROS","0","0","0","535402","101726.38","637128.38","1","2020-07-19","1","0","3","1"
"30","20200026","2020-07-19","96939290","CAMARAS CASA PATRONAL","0","0","0","0","0","0","0","0000-00-00","0","0","5","3"
"31","20200027","2020-07-19","96939290","Proyecto Camaras PAcking","0","0","0","5971258","1134539.02","7105797.02","1","2020-07-19","1","0","3","3"
"32","20200028","2020-07-19","78972100","Sistema Monitoreo Packing","0","0","0","2119671","402737.49","2522408.49","1","2020-07-19","1","0","3","3"
"33","20200029","2020-07-19","78972100","sistema seguridad packing","0","0","0","7189089","1365926.91","8555015.91","1","2020-07-19","0","0","5","3"
"34","20200030","2020-07-19","89530600","Plano Topologia Red, Linea MAF","0","0","0","440000","83600","523600","1","2020-07-19","1","47780","3","1"
"35","20200031","2020-07-24","83156400","Maquina Ballerina","0","0","0","401963","76372.97","478335.97","1","2020-11-04","1","11810168","3","2"
"36","20200032","2020-07-24","82415700","Software control HH - RFID","0","0","0","0","0","0","0","0000-00-00","0","0","5","1"
"37","20200033","2020-07-28","83156400","Regularizacion Plano Hidraulico METSO","0","0","0","0","0","0","1","2020-07-28","0","0","5","2"
"38","20200034","2020-07-28","83156400","Regularización Plano Hidraulico MLP","0","0","0","0","0","0","1","2020-08-06","0","0","5","2"
"39","20200035","2020-08-05","76263782","Fabricación Tablero Plataforma Levante","0","0","0","718938","136598.22","855536.22","1","2020-08-06","0","0","5","2"
"40","20200036","2020-08-11","76649859","Equipo Lubricacion Molino","0","0","0","24777294","4707685.86","29484979.86","1","2020-08-27","0","0","5","2"
"41","20200037","2020-08-11","76649859","HPU para Chute","0","0","0","8933314","1697329.66","10630643.66","1","2020-08-27","0","0","5","2"
"42","20200038","2020-08-11","76263782","Tablero Electrico 5.5kW","0","0","0","1080931","205376.89","1286307.89","1","2020-08-25","0","0","5","2"
"43","20200039","2020-08-20","76764668","Sistema control acceso condominios","0","0","0","0","0","0","0","0000-00-00","0","0","5","1"
"44","20200040","2020-08-22","76351381","Desarrollo visualización estadísticas vaciado","0","0","0","2959200","562248","3521448","1","2020-09-16","0","0","5","1"
"45","20200041","2020-08-28","83156400","Estudio de Ingenieria para Banco Komatsu Santiago Limpieza Estanques","0","0","0","2697236","512474.84","3209710.84","1","2020-09-16","0","0","5","2"
"46","20200042","2020-08-31","83156400","Bosquejo Modificación Planos Hidraulicos Banco Komatsu Antogastas / Santiago","0","0","0","143458","27257.02","170715.02","1","2020-08-31","1","11810129","3","2"
"47","20200043","2020-09-08","83156400","Modificacion Bosquejo RP 2020_0042","0","0","0","14344","2725.36","17069.36","1","2020-09-14","1","11810122","3","2"
"48","20200044","2020-09-15","79775100","Equipo Sistema Anticolisión Bulldozer","0","0","0","3093980","587856.2","3681836.2","1","2020-09-28","1","14672","3","1"
"49","20200045","2020-09-15","76406396","Asesoria Prevencionista","0","0","0","401776","76337.44","478113.44","1","2020-09-21","1","0","3","4"
"50","20200046","2020-09-16","83156400","Visita Tecnica Estructural Komatsu","0","0","0","182552","34684.88","217236.88","1","2020-11-06","1","11810289","3","2"
"51","20200047","2020-09-24","76764668","Desarrollo Estación Meteorológica","0","0","0","0","0","0","0","0000-00-00","0","0","5","1"
"52","20200048","2020-09-30","76286468","HPU 7.5 kW","0","0","0","4809951","913890.69","5723841.69","1","2020-09-30","1","0","5","2"
"53","20200049","2020-09-30","83156400","Banco de Pruebas Auxiliar","0","0","0","2734987","519647.53","3254634.53","1","0000-00-00","0","0","5","2"
"54","20200050","2020-10-02","79775100","Suministro Materiales Camara Proy Sagrada Familia","0","0","0","0","0","0","0","0000-00-00","0","0","5","1"
"55","20200051","2020-11-04","83156400","Modificacion HPU Diesel A Electrica","0","0","0","1587375","301601.25","1888976.25","0","0000-00-00","0","0","5","2"
"56","20200052","2020-11-06","83156400","Estudio Mecanico Prensa","0","0","0","299979","56996.01","356975.01","1","2020-12-29","1","11810471","3","2"
"57","20200053","2020-11-09","83156400","Bosquejo RP 51","0","0","0","320000","60800","380800","0","0000-00-00","0","0","5","2"
"58","20200054","2020-11-24","83156400","PLANIMETRÍA PARA LA MODIFICACIÓN DEL BANCO DE PRUEBAS KOMATSU – SANTIAGO","0","0","0","2610270","495951.3","3106221.3","1","2020-11-26","1","11810380","2","2"
"59","20200055","2020-11-26","76073293","Sistema Etiquetado Y Control Produccion Embaladoras","0","0","0","45580000","8660200","54240200","1","2020-11-30","0","0","5","1"
"60","20200056","2020-12-29","83156400","APU: Planimetria Hidraulico / Electrico","0","0","0","393321.99","74731.1781","468053.1681","1","2021-01-05","1","11810647","3","2"
"61","20210001","2021-01-04","83156400","APU: Regularizacion Estructural","0","0","0","571389","108563.91","679952.91","1","2021-01-05","1","11810647","3","2"
"63","20210002","2021-01-22","11111111","Central Hidraulica 5,5kW","0","0","0","9961369","1892660.11","11854029.11","1","2021-01-22","0","0","5","2"
"64","20210003","2021-01-22","76881519","Desarrollo Camion PreSplit ORICA","0","0","0","4015194","762886.86","4778080.86","1","2021-01-22","0","0","5","1"
"65","20210004","2021-01-29","83156400","APU","0","0","0","1208868","229684.92","1438552.92","1","2021-02-03","0","0","5","2"
"66","20210005","2021-02-04","76406396","Asesoria ODI ","0","0","0","58270","11071.3","69341.3","1","2021-02-04","1","0","3","4"
"67","20210006","2021-03-15","76406396","Asesoria Prevencion","0","0","0","58516","11118.04","69634.04","1","2021-03-15","1","0","3","4"
"68","20210007","2021-03-15","83156400","SUMINISTRO DE APU (UNIDAD DE POTENCIA AUXILIAR) PARA INTEGRACIÓN HIDRÁULICA-KOMATSU CUMMINS– SANTIAGO","0","0","0","1237","235.03","1472.03","1","2022-03-30","0","0","5","1"
"69","20210008","2021-03-15","83156400","Planimetria Banco de Pruebas Komatsu Antofagasta","0","0","0","2533459","481357.21","3014816.21","1","2021-03-15","1","21810359","3","2"
"70","20210009","2021-03-19","79775100","Monitoreo por Camara sobre Bulldozer","0","0","0","0","0","0","0","0000-00-00","0","0","5","3"
"71","20210010","2021-03-25","79775100","Suministro Equipos Anticolision","0","0","0","0","0","0","0","0000-00-00","0","0","5","1"
"72","20210011","2021-03-26","83156400","Asesoria Estudio de Vibraciones Banco Komatsu","0","0","0","0","0","0","0","0000-00-00","0","0","5","2"
"73","20210012","2021-04-08","96939290","Actualizacion Hardware Servidor Sistema Gestion","0","0","0","2300000","437000","2737000","1","2021-04-28","0","0","5","1"
"74","20210013","2021-04-08","96939290","Mejoras Sistema de Gestion de Costos","0","0","0","0","0","0","0","0000-00-00","0","0","5","1"
"75","20210014","2021-04-25","83156400","Asesoria Estructural Banco Komatsu Santiago","0","0","0","820000","155800","975800","1","2021-04-28","1","11811078","3","2"
"76","20210015","2021-04-27","96939290","Mejora de Performance Plataforma de Gestion","0","0","0","795000","151050","946050","1","2021-04-28","1","0","3","1"
"77","20210016","2021-04-27","96939290","Traslado Caseta Guardia","0","0","0","2989200","567948","3557148","1","0000-00-00","1","2147483647","3","1"
"78","20210017","2021-04-27","76764668","Demo Plataforma Logo y Scada","0","0","0","0","0","0","0","0000-00-00","0","0","0","1"
"79","20210018","2021-04-27","96939290","Servicio y Asistencias CCIPTV","0","0","0","545000","103550","648550","1","0000-00-00","1","0","3","1"
"80","20210019","2021-05-03","76859068","MCU Complemento de Software para control de Trasvasije","0","0","0","5500000","1045000","6545000","1","2021-05-03","1","485","3","1"
"81","20210020","2021-05-05","89070300","Mcu Complemento De Software Para Control De Trasvasije","0","0","0","5500000","1045000","6545000","1","2021-05-10","0","0","5","1"
"82","20210021","2021-05-12","83156400","PROYECCION DE DISPOSICION DE COMPONENTES Y ESTUDIO CENTRO DE CARGA.","0","0","0","1016730","193178.7","1209908.7","1","2021-05-17","0","0","5","2"
"83","20210022","2021-06-04","83156400","Suministro Equipos","0","0","0","690611","131216.09","821827.09","1","2021-06-07","1","11811197","3","2"
"84","20210023","2021-06-07","76593182","Suministro Tablero Electrico","0","0","0","0","0","0","0","0000-00-00","0","0","5","1"
"85","20210024","2021-06-23","83156400","Suministro Calefactor Alimentacion 380","0","0","0","692239","131525.41","823764.41","1","2021-06-30","1","11811300","3","1"
"86","20210025","2021-06-30","76593182","Suministro Equipos MCU","0","0","0","122.72","23.3168","146.0368","1","2021-06-30","0","0","5","1"
"87","20210026","2021-08-02","83156400","Atril para Cabezal PV351 (EPIROC)","0","0","0","1274019","242063.61","1516082.61","1","2021-08-04","1","11811873","3","1"
"88","20210027","2021-08-02","11111111","Campana para Horno de Humos (ROSSO)","0","0","0","0","0","0","0","0000-00-00","0","0","5","1"
"89","20210028","2021-08-02","11111111","Campana para Humos pesados (METRAIN SA)","0","0","0","1006.6","191.254","1197.854","1","0000-00-00","0","0","5","1"
"90","20210029","2021-08-04","77853060","Planimetria Gabinetes TI","0","0","0","400000","76000","476000","1","2021-08-04","1","96","3","1"
"91","20210030","2021-08-16","96939290","Desarrollo e integración modulo Presupuestos","0","0","0","108","20.52","128.52","1","2021-08-23","0","0","5","1"
"92","20210031","2021-08-19","83156400","Bosquejo Propuesta HPU 3kW","0","0","0","90000","17100","107100","1","2021-08-19","1","11811561","3","1"
"93","20210032","2021-08-29","11111111","Cinta Transportadora de Bandejas","0","0","0","0","0","0","0","0000-00-00","0","0","5","1"
"94","20210033","2021-09-02","76764668","Aplicacion para Monitoreo y Alertas Temperatura.","0","0","0","0","0","0","0","0000-00-00","0","0","0","1"
"95","20210034","2021-09-03","83156400","Memoria Calculo Rack","0","0","0","890000","169100","1059100","1","2021-09-07","1","11811636","3","1"
"96","20210035","2021-09-06","96939290","Aumento Capacidad Circuito CCIPTV","0","0","0","3374280","641113.2","4015393.2","1","2021-09-09","1","2147483647","3","1"
"97","20210036","2021-09-09","77853060","Actualización Planos Gabinete TI","0","0","0","15.2","2.888","18.088","1","2021-09-28","1","117","3","1"
"98","20210037","2021-09-11","76859068","Programación Segundo Equipo","0","0","0","20.3","3.857","24.157","1","2021-09-28","1","0","3","1"
"99","20210038","2021-09-14","83156400","Sistema CC IPTV Talleres Lucas Sucursal Santiago","0","0","0","101","19.19","120.19","1","2021-10-13","0","0","5","1"
"100","20210039","2021-09-20","11111111","Servicio Ingenieria Regularización Planos y documentación","0","0","0","96","18.24","114.24","1","2021-09-20","0","0","1","1"
"101","20210040","2021-09-24","76067861","Cableado estructurado","0","0","0","139.2","26.448","165.648","0","0000-00-00","0","0","5","1"
"102","20210041","2021-09-28","76859068","Adicionales Complemento de Software MCU/RLU ORICA","0","0","0","36","6.84","42.84","1","2021-09-28","1","0","3","1"
"103","20210042","2021-10-14","96939290","TARJA RELOADED","0","0","0","110","20.9","130.9","1","2021-12-01","1","0","5","1"
"104","20210043","2021-10-19","77853060","Plano Canalizaciones","0","0","0","7","1.33","8.33","1","2021-10-20","1","122","3","1"
"105","20210044","2021-10-20","11111111","Tablero de Gestion y seguimiento a plataforma ODOO","0","0","0","0","0","0","0","0000-00-00","0","0","5","1"
"106","20210045","2021-10-21","96939290","Mantención Camaras","0","0","0","38","7.22","45.22","1","2022-03-21","0","0","3","1"
"107","20210046","2021-10-26","77853060","Plano Tableros Aerogenerador","0","0","0","15.2","2.888","18.088","1","2021-11-03","1","128","3","1"
"108","20210047","2021-11-02","77081467","Integración y Planimetria Tablero Perforadora","0","0","0","28","5.32","33.32","1","2021-11-03","1","0","3","1"
"109","20210048","2021-11-03","77853060","Integración Tablero Aerogenerador","0","0","0","10","1.9","11.9","1","2022-03-09","0","0","5","1"
"110","20210049","2021-11-11","83156400","Adicional Bosquejo Propuesta Hpu 3Kw (RP","0","0","0","3","0.57","3.57","1","2021-11-11","1","11811965","3","1"
"111","20210050","2021-11-11","83156400","Fabricación HPU 3kW","0","0","0","0","0","0","0","0000-00-00","0","0","5","1"
"112","20210051","2021-11-22","83156400","Planimetria Unidad enfriamiento","0","0","0","34","6.46","40.46","1","2021-12-01","1","11812038","3","1"
"113","20210052","2021-11-30","96939290","Suministro Equipos","0","0","0","40","7.6","47.6","1","2021-12-01","1","0","5","1"
"114","20210053","2021-12-03","77853060","Diseño Zocalo","0","0","0","3","0.57","3.57","1","2021-12-23","0","0","5","1"
"115","20210054","2021-12-09","83156400","UH Guillotina / Cilindro","0","0","0","0","0","0","0","0000-00-00","0","0","5","1"
"116","20210055","2021-12-09","83156400","UH Movimiento Cilindro","0","0","0","181","34.39","215.39","1","2021-12-24","0","0","5","1"
"117","20210056","2021-12-13","76308092","RYR ANFO PLANT","0","0","0","0","0","0","0","0000-00-00","0","0","5","1"
"118","20210057","2021-12-23","77853060","Fabricación Zocalo","0","0","0","0","0","0","1","2022-01-19","0","0","5","1"
"119","20210058","2021-12-29","77081467","Suministro Equipos","0","0","0","500000","95000","595000","1","2021-12-29","0","0","5","1"
"120","20220001","2022-01-10","76150453","Servicio Documentacion Prevencion","0","0","0","380000","72200","452200","1","2022-01-10","1","0","3","1"
"121","20220002","2022-01-17","83156400","Modificacion Plano Komatsu","0","0","0","1.2","0.228","1.428","1","2022-01-17","0","11812257","3","2"
"122","20220003","2022-01-17","83156400","Fabricación Atril Cabezal ","0","0","0","101","19.19","120.19","1","2022-01-19","0","0","5","1"
"123","20220004","2022-01-19","77081467","Planimetria Carrusel","0","0","0","39","7.41","46.41","1","2022-01-19","0","0","5","1"
"124","20220005","2022-01-25","77081467","Carro para Consola","0","0","0","33.3","6.327","39.627","1","2022-03-09","1","0","3","1"
"125","20220006","2022-01-25","77853060","Soporte RIel DIN","0","0","0","2.5","0.475","2.975","1","2022-03-07","0","0","5","1"
"126","20220007","2022-01-25","76150453","Camaras Instalación","0","0","0","0","0","0","0","0000-00-00","0","0","5","1"
"127","20220008","2022-01-31","76406396","Actualizacion Documentacion y Charlas","0","0","0","345898","65720.62","411618.62","1","2022-03-07","1","0","3","1"
"128","20220009","2022-02-23","77853060","Instalacion Gabinetes Parque","0","0","0","0","0","0","0","0000-00-00","0","0","5","1"
"129","20220010","2022-03-02","77853060","Fabricación Zocalo Muestra","0","0","0","2.4","0.456","2.856","1","2022-03-02","1","0","3","1"
"130","20220011","2022-03-16","76308092","Cotizacion Asesoria Cables y canalización","0","0","0","11.5","2.185","13.685","1","2022-03-16","1","0","3","1"
"131","20220012","2022-03-29","77081467","Planimetria de Detalle en planos de perforadora","0","0","0","15.5","2.945","18.445","1","2022-03-29","1","0","2","1"
"132","20220013","2022-04-04","83156400","HPU Apertura Válvulas","0","0","0","0","0","0","0","0000-00-00","0","0","5","1"
"133","20220014","2022-04-04","96939290","iControl","0","0","0","725","137.75","862.75","1","2022-04-08","0","0","5","1"
"134","20220015","2022-04-08","96939290","Integración Sistema Respaldo CCIPTV","0","0","0","127.07","24.1433","151.2133","1","2022-04-25","0","0","5","1"
"135","20220016","2022-04-11","83156400","Suministro Calefactor","0","0","0","36","6.84","42.84","1","2022-05-04","0","0","5","1"
"136","20220017","2022-04-27","77081467","Asesoria Ingenieria Jumbo","0","0","0","86.88","16.5072","103.3872","1","2022-06-03","0","0","5","1"
"137","20220018","2022-05-12","83156400","Ingenieria Detalle y Fabricación","0","0","0","58","11.02","69.02","1","2022-06-03","0","0","5","1"
"138","20220019","2022-05-17","76308092","Asesoria Técnica Planta ANFO","0","0","0","55","10.45","65.45","1","2022-05-20","1","0","3","2"
"139","20220020","2022-05-25","79670620","Asesoría Técnica para levantamiento de procesos y generación de procedimientos","0","0","0","45.92","8.7248","54.6448","1","2022-06-03","0","0","5","1"
"140","20220021","2022-06-01","83156400","Planimetria Hidraulica, procedimiento y Manual para HPU","0","0","0","8.5","1.615","10.115","1","2022-06-01","0","0","1","1"
"141","20220022","2022-06-22","87801300","Kit Bloqueo accionamiento","0","0","0","28.39","5.3941","33.7841","1","2022-06-23","0","0","5","1"
"142","20220023","2022-06-22","11111111","Camara Donde Rosita","0","0","0","0","0","0","0","0000-00-00","0","0","5","1"
"143","20220024","2022-06-23","87801300","Suministro Herramienta","0","0","0","3.18","0.6042","3.7842","1","2022-06-28","0","0","5","1"
"144","20220025","2022-06-27","96939290","Mantención CCIPTV","0","0","0","10","1.9","11.9","1","2022-06-28","0","0","5","1"
"145","20220026","2022-06-28","79670620","CCIPTV","0","0","0","0","0","0","0","0000-00-00","0","0","5","1"
"146","20220027","2022-07-04","76227763","Suministro de Marcas","0","0","0","3.8","0.722","4.522","1","2022-07-06","1","4688","3","1"
"147","20220028","2022-07-07","83156400","Central Giro Lento","0","0","0","0","0","0","0","0000-00-00","0","0","5","1"
"148","20220029","2022-07-11","83156400","Prensa Filtros","0","0","0","618.27","117.4713","735.7413","1","2022-08-24","0","0","3","1"
"149","20220030","2022-07-29","76308092","Partida Motor ","0","0","0","14.98","2.8462","17.8262","1","2022-11-02","0","0","5","1"
"150","20220031","2022-08-02","76308092","Servicio en Terreno","0","0","0","1.5","0.285","1.785","1","2022-09-09","1","0","2","1"
"151","20220032","2022-08-10","83156400","Fabricacion Central","0","0","0","0","0","0","0","0000-00-00","0","0","5","1"
"152","20220033","2022-08-11","83156400","Planimetria Unidad Enfriamiento","0","0","0","0","0","0","0","0000-00-00","0","0","5","1"
"153","20220034","2022-08-12","76308092","Adicionales Asesoria Planta Anfo","0","0","0","131","24.89","155.89","1","2022-09-06","0","0","1","1"
"154","20220035","2022-08-17","83156400","Atril de trabajo PTO","0","0","0","137.86","26.1934","164.0534","1","2022-08-24","1","0","2","1"
"155","20220036","2022-08-22","83156400","Modificación Plano Enfriamiento","0","0","0","23","4.37","27.37","1","2022-08-24","0","0","1","1"
"156","20220037","2022-08-24","77146365","Suministro de Componentes Hidraulicos ","0","0","0","61.47","11.6793","73.1493","1","2022-08-25","0","0","5","1"
"157","20220038","2022-08-24","77146365","Asesoria Componentes hidraulicos","0","0","0","18","3.42","21.42","1","2022-08-25","0","0","5","1"
"158","20220039","2022-08-26","77146365","Overhaul Comando PVG","0","0","0","49.21","9.3499","58.5599","1","2022-08-29","0","0","5","1"
"159","20220040","2022-08-31","83156400","Modificacion Plano Goodyear","0","0","0","10","1.9","11.9","1","2022-08-31","1","11813320","3","1"
"160","20220041","2022-09-06","76406396","Induccion ODI ","0","0","0","14","2.66","16.66","1","2022-09-08","1","0","3","1"
"161","20220042","2022-09-09","11111111","Servicio Impresion etiquetas","0","0","0","0","0","0","0","0000-00-00","0","0","5","1"
"162","20220043","2022-09-20","77146365","Desarrollo Control Plus+1","0","0","0","0","0","0","0","0000-00-00","0","0","5","1"
"163","20220044","2022-09-29","83156400","Bosquejo Central y Encapsulado","0","0","0","6","1.14","7.14","1","2022-09-29","1","0","4","1"
"164","20220045","2022-10-05","76406396","Induccion ODI","0","0","0","10.2","1.938","12.138","1","2022-10-05","1","0","3","1"
"165","20220046","2022-10-13","76308092","Gestion y Control Linea Automatizado","0","0","0","160","30.4","190.4","1","2022-10-13","0","0","5","1"
"166","20220047","2022-10-14","76227763","Suministro Etiquetas Consola","0","0","0","26.97","5.1243","32.0943","1","2022-10-26","0","0","1","1"
"167","20220048","2022-10-17","76308092","Suministro T-slot","0","0","0","86.5","16.435","102.935","0","0000-00-00","0","0","5","1"
"168","20220049","2022-10-18","77003406","Suministro Equipo VPN","0","0","0","16.32","3.1008","19.4208","1","2022-10-26","0","0","5","1"
"169","20220050","2022-10-18","83156400","Servicio Ingenieria Cargador de Barras Codelco","0","0","0","234.78","44.6082","279.3882","1","2022-10-26","0","0","2","1"
"170","20220051","2022-10-19","96822950","Servicio Terreno","0","0","0","14.5","2.755","17.255","1","2022-10-19","1","0","4","1"
"171","20220052","2022-10-24","76227763","Suministro Marcado Cables.","0","0","0","5.41","1.0279","6.4379","1","2022-10-26","1","0","3","1"
"172","20220053","2022-10-24","83156400","Planimetria Completa HPU + Display","0","0","0","55","10.45","65.45","1","2022-10-26","1","0","3","1"
"173","20220054","2022-10-24","96939290","Actualizacion Hardware Platoforma de Gestion","0","0","0","76.04","14.4476","90.4876","1","2022-10-26","0","0","5","1"
"174","20220055","2022-10-26","76308092","Monitoreo Remoto","0","0","0","175.73","33.3887","209.1187","1","2022-10-26","0","0","5","1"
"175","20220056","2022-11-11","83156400","APU TL Copiapo","0","0","0","143","27.17","170.17","1","2022-12-18","1","3000007","4","1"
"176","20220057","2022-11-16","11111111","CERRADO","0","0","0","0","0","0","0","0000-00-00","0","0","5","1"
"177","20220058","2022-12-18","83156400","Bosquejo Unidad de enfriamiento","0","0","0","4","0.76","4.76","1","2022-12-18","0","0","1","1"
"178","20220059","2022-12-30","83156400","Planimetria Central móvil","0","0","0","0","0","0","1","2023-01-13","0","0","5","1"
"179","20220060","2022-12-30","11111111","Ingenieria Detalle sistema hidroneumatico para lavado de valvulas dardo","0","0","0","0","0","0","0","0000-00-00","0","0","5","1"
"180","20230001","2023-01-04","11111111","CERRADO","0","0","0","0","0","0","0","0000-00-00","0","0","5","1"
"181","20230002","2023-01-10","83156400","ITO Unidad Giro Lento","0","0","0","138","26.22","164.22","1","2023-01-13","1","0","3","1"
"182","20230003","2023-01-25","96939290","Automatización sincronizacion y distribucion.","0","0","0","0","0","0","0","0000-00-00","0","0","5","1"
"183","20230004","2023-01-27","78972100","Suministro Equipo Acceso Remoto","0","0","0","33","6.27","39.27","1","2023-01-30","0","0","5","1"
"184","20230005","2023-02-21","77146365","Suminstro Equipo","0","0","0","0","0","0","0","0000-00-00","0","0","5","1"
"185","20230006","2023-02-28","11111111","INGENIERIA Y PROGRAMACION GOLPE ARIETE","0","0","0","0","0","0","1","2023-03-07","0","0","5","1"
"186","20230007","2023-03-06","76227763","Suministro Marcas ","0","0","0","4.9","0.931","5.831","1","2023-03-07","1","0","3","1"
"187","20230008","2023-03-07","83156400","Suministro Proteccion Filtros","0","0","0","285000","54150","339150","1","2023-03-07","1","11814129","3","1"
"188","20230009","2023-03-13","76764668","Sistema Lora","0","0","0","0","0","0","0","0000-00-00","0","0","5","1"
"189","20230010","2023-03-15","83156400","Planos HPU encapsulada","0","0","0","55","10.45","65.45","1","2023-03-22","1","11814292","4","1"
"190","20230011","2023-03-15","83156400","Suministro Acrilicos","0","0","0","5.93","1.1267","7.0567","1","2023-03-22","1","11814213","3","1"
"191","20230012","2023-03-17","96939290","Plataforma Control Riego","0","0","0","0","0","0","1","2023-03-22","0","0","5","1"
"192","20230013","2023-03-22","76227763","Suministro Marcas Cables y Bornes","0","0","0","5.6","1.064","6.664","1","2023-03-22","0","0","3","1"
"193","20230014","2023-03-23","76227763","Suministro Marcas Boomer 281","0","0","0","4.6","0.874","5.474","1","2023-03-23","1","0","3","1"
"194","20230015","2023-03-23","77146365","Suministro componente","0","0","0","0","0","0","0","0000-00-00","0","0","3","1"
"195","20230016","2023-03-23","77146365","Servicio Asesoria","0","0","0","0","0","0","1","2023-03-23","0","0","3","1"
"196","20230017","2023-04-04","83156400","Suministro Carros de Taller","0","0","0","7.17","1.3623","8.5323","1","2023-04-08","0","0","5","1"
"197","20230018","2023-04-04","11111111","Ingenieria Baika","0","0","0","20000000","3800000","23800000","1","2023-04-14","0","0","1","1"
"198","20230019","2023-04-08","11111111","Suministro Bornes","0","0","0","0.5","0.095","0.595","0","0000-00-00","0","0","5","1"
"199","20230020","2023-04-20","76929550","Suministro Componentes electricos","0","0","0","2.8","0.532","3.332","1","2023-04-20","1","0","3","1"
"200","20230021","2023-04-25","83156400","Dossier HPU","0","0","0","9","1.71","10.71","1","2023-05-11","0","0","1","1"
"201","20230022","2023-04-25","11111111","Fluitek Control y Gabinete","0","0","0","0","0","0","0","0000-00-00","0","0","5","1"
"202","20230023","2023-04-25","83156400","Planos Manilla PVG","0","0","0","0","0","0","0","0000-00-00","0","0","0","1"
"203","20230024","2023-04-25","83156400","Informe y analisis soporte Torquimetro","0","0","0","0","0","0","0","0000-00-00","0","0","0","1"
"204","20230025","2023-04-26","11111111","Suministro Gabinete y UPS","0","0","0","0","0","0","0","0000-00-00","0","0","0","1"
"205","20230026","2023-05-10","11111111","ALBEMARLE","0","0","0","0","0","0","0","0000-00-00","0","0","5","1"
"206","20230027","2023-05-11","83156400","Dossier APU","0","0","0","16","3.04","19.04","1","2023-05-11","0","0","1","1"
"207","20230028","2023-05-11","83156400","Suministro APU Completa","0","0","0","0","0","0","0","0000-00-00","0","0","0","1"
"208","20230029","2023-05-25","76227763","Suministro Marcas de Cables","0","0","0","0","0","0","0","0000-00-00","0","0","3","1"
"209","20230030","2023-06-01","76869100","Montaje INDUSTRIAL EMMR COLLAHUASI","0","0","0","0","0","0","1","2024-05-24","1","5200026781","3","1"
"210","20230031","2023-06-06","83156400","Dossier HPU BSA","0","0","0","0","0","0","1","2023-06-15","1","1000083","4","1"
"211","20230032","2023-06-09","83156400","HPU Central Hidroelectrica","0","0","0","0","0","0","0","0000-00-00","0","0","5","1"
"212","20230033","2023-06-09","83156400","Suministro Componentes llave torquimetro","0","0","0","0","0","0","0","0000-00-00","0","0","5","1"
"213","20230034","2023-06-15","83156400","HPU PELAMBRES","0","0","0","0","0","0","1","2023-08-02","1","3000180","4","1"
"214","20230035","2023-06-27","83156400","Adicionales 2023_0002","0","0","0","0","0","0","0","0000-00-00","0","0","3","1"
"215","20230036","2023-07-28","83156400","Fabricacion Estanque","0","0","0","0","0","0","0","0000-00-00","0","0","0","1"
"216","20230037","2023-08-11","76764668","Tarja: Mejoras ","0","0","0","0","0","0","0","0000-00-00","0","0","5","1"
"217","20230038","2023-08-11","83156400","Suminstro Materiales","0","0","0","83.14","15.7966","98.9366","1","2023-08-23","1","118144588","3","1"
"218","20230039","2023-08-21","83156400","suministro materiales","0","0","0","83.14","15.7966","98.9366","1","2023-08-23","1","118144589","3","1"
"219","20230040","2023-08-21","83156400","Ingenieria Chute","0","0","0","0","0","0","0","0000-00-00","0","0","0","1"
"220","20230041","2023-08-23","83156400","Modifciacion unidades Komatsu","0","0","0","12","2.28","14.28","1","2023-10-18","0","0","1","1"
"221","20230042","2023-08-28","83156400","Soporte Manometros","0","0","0","1.2","0.228","1.428","1","2023-08-28","1","118144658","3","1"
"222","20230043","2023-08-28","83156400","soporte Manometros","0","0","0","1.2","0.228","1.428","1","2023-08-28","1","118144657","3","1"
"223","20230044","2023-09-04","83156400","Suministro Placa Izaje","0","0","0","1.5","0.285","1.785","1","2023-09-05","1","118144681","4","1"
"224","20230045","2023-09-04","83156400","Suministro Placa izaje","0","0","0","1.5","0.285","1.785","1","2023-09-05","1","118144682","3","1"
"225","20230046","2023-09-04","77003406","Integración Tablero electrico Apilador","0","0","0","0","0","0","0","0000-00-00","0","0","5","1"
"226","20230047","2023-09-05","87801300","Suministro Microcontrolador y programa Control Grua","0","0","0","0","0","0","0","0000-00-00","0","0","0","1"
"227","20230048","2023-09-08","77003406","Montaje Terreno","0","0","0","0","0","0","0","0000-00-00","0","0","3","1"
"228","20230049","2023-09-14","77729745","TABLERO ELECTRICO","0","0","0","0","0","0","0","0000-00-00","0","0","5","1"
"229","20230050","2023-10-16","76889783","HPU Compuerta","0","0","0","0","0","0","1","2024-01-25","1","0","1","1"
"230","20230051","2023-10-17","83156400","Plano Hidraulico","0","0","0","3","0.57","3.57","1","2024-01-25","1","118145253","3","1"
"231","20230052","2023-10-20","76227763","Suministro de Marcas Tablero Simba","0","0","0","6.1","1.159","7.259","1","2023-10-20","0","606623","3","1"
"232","20230053","2023-10-20","76907395","Tablero control Lijadora","0","0","0","0","0","0","0","0000-00-00","0","0","0","1"
"233","20230054","2023-10-25","76907395","Tablero Ventilador","0","0","0","350000","66500","416500","1","2023-10-31","1","0","3","1"
"234","20230055","2023-11-06","83156400","Suministro Soporte Enfriador","0","0","0","0","0","0","0","0000-00-00","0","0","5","1"
"235","20230056","2023-11-21","77690072","Suministro Conector AMP","0","0","0","0","0","0","0","0000-00-00","0","0","3","1"
"236","20230057","2023-12-01","76869100","Montaje Industrial","0","0","0","0","0","0","0","0000-00-00","0","0","3","1"
"237","20230058","2023-12-07","83156400","Levantamiento Terreno Michilla","0","0","0","0","0","0","0","0000-00-00","0","1184","2","1"
"238","20230059","2023-12-18","11111111","Sistema Deteccion Imagen","0","0","0","0","0","0","0","0000-00-00","0","0","5","1"
"239","20230060","2023-12-18","76929550","Suministro Marcas Bornes","0","0","0","9","1.71","10.71","1","2023-12-18","0","0","4","1"
"240","20230061","2023-12-18","76869100","Montaje Industrial iNDONESIA","0","0","0","0","0","0","0","0000-00-00","0","5200027504","3","1"
"241","20230062","2023-12-20","77729745","Montaje Industrial Packing","0","0","0","0","0","0","0","0000-00-00","0","0","5","1"
"242","20230063","2023-12-27","96885630","Montaje Industrial Hoschild","0","0","0","0","0","0","1","2024-01-19","0","0","3","1"
"243","20230064","2023-12-28","11111111","Montaje Industrial Prodinsa","0","0","0","0","0","0","0","0000-00-00","1","0","3","1"
"244","20240001","2024-01-03","87801300","HPU ","0","0","0","0","0","0","0","0000-00-00","0","0","1","1"
"245","20240002","2024-01-09","87801300","Control Tornameza","0","0","0","0","0","0","0","0000-00-00","0","0","0","1"
"246","20240003","2024-01-09","87801300","Control Estandar (pluma y otros)","0","0","0","0","0","0","0","0000-00-00","0","0","0","1"
"247","20240004","2024-01-09","87801300","Monitoreo Equipos","0","0","0","0","0","0","0","0000-00-00","0","0","0","1"
"248","20240005","2024-01-09","76869100","PLANOS CAD","0","0","0","0","0","0","0","0000-00-00","0","0","5","1"
"249","20240006","2024-01-17","83156400","APU Perforacion","0","0","0","0","0","0","0","0000-00-00","0","0","0","1"
"250","20240007","2024-01-17","83156400","Planimetria Bloque SUN","0","0","0","0","0","0","1","2024-01-17","0","0","5","1"
"251","20240008","2024-01-28","76869100","Integracion Tableros","0","0","0","0","0","0","0","2024-11-30","1","5200027758","3","1"
"252","20240009","2024-02-06","76869100","MONTAJE INDUSTRIAL ROBOTS EMMR","0","0","0","0","0","0","0","0000-00-00","0","5200027759","3","1"
"253","20240010","2024-02-07","83156400","Cerro Negro","0","0","0","0","0","0","0","0000-00-00","0","0","0","1"
"254","20240011","2024-03-04","96885630","Montaje Industrial Canalizacion Control","0","0","0","0","0","0","1","2024-03-04","0","0","5","1"
"255","20240012","2024-03-04","83156400","HPU Symond","0","0","0","0","0","0","0","0000-00-00","0","0","5","1"
"256","20240013","2024-03-14","77729745","Control Cinta Elevadora","0","0","0","0","0","0","0","0000-00-00","0","0","5","1"
"257","20240014","2024-03-27","83156400","Planimetria Electrica","0","0","0","4","0.76","4.76","1","2024-05-09","1","118145532","3","1"
"258","20240015","2024-04-02","76869100","ELIMINADO","0","0","0","0","0","0","0","0000-00-00","0","0","5","1"
"259","20240016","2024-04-11","76869100","Integracion Tablero Muestreo","0","0","0","2","0.38","2.38","1","2024-04-19","1","5100024560","3","1"
"260","20240017","2024-04-15","76869100","Adicionales Tableros Copec","0","0","0","1","0.19","1.19","1","2024-04-19","1","5200028018","3","1"
"261","20240018","2024-04-17","76869100","Eliminado","0","0","0","0","0","0","0","0000-00-00","0","0","5","1"
"262","20240019","2024-04-19","83156400","Suinistro Placa Acrilico","0","0","0","5","0.95","5.95","1","2024-04-19","1","118145632","3","1"
"263","20240020","2024-04-22","76869100","Adicionales EMMR","0","0","0","0","0","0","0","0000-00-00","1","5200028392","4","1"
"264","20240021","2024-04-22","76869100","Adicionales Montaje Copec","0","0","0","1","0.19","1.19","1","2024-04-24","1","5200028065","3","1"
"265","20240022","2024-05-16","76869100","Montaje Industrial EMMR MEL","0","0","0","0","0","0","1","2024-05-24","0","5200028252","3","1"
"266","20240023","2024-05-16","76869100","Montaje Industrial MECANICO","0","0","0","0","0","0","0","0000-00-00","0","0","5","1"
"267","20240024","2024-05-17","76869100","Montaje COPEC Adicionales","0","0","0","0","0","0","1","2024-05-24","1","5200028365","3","1"
"268","20240025","2024-05-23","76869100","Suministro Marcas Indonesia","0","0","0","0","0","0","0","0000-00-00","0","5200028251","3","1"
"269","20240026","2024-06-10","76869100","Suministro MAT servicio terreno","0","0","0","0","0","0","0","0000-00-00","1","5100024710","3","1"
"270","20240027","2024-06-21","83156400","Bosquejo HPU","0","0","0","0","0","0","0","0000-00-00","1","118145842","4","1"
"271","20240028","2024-06-25","83156400","Dossier y Planimetria","0","0","0","0","0","0","0","0000-00-00","0","0","0","1"
"272","20240029","2024-06-26","76869100","SUMINISTROS INDONESIA","0","0","0","0","0","0","1","2024-07-04","1","5100024770","4","1"
"273","20240030","2024-06-26","76869100","SUMINISTROS COPEC","0","0","0","0","0","0","1","2024-07-01","1","5100024766","3","1"
"274","20240031","2024-06-26","76869100","SUMINISTROS EMMR MLP","0","0","0","0","0","0","1","2024-07-04","1","5100024782","4","1"
"275","20240032","2024-06-26","76869100","SUMINISTROS EMMR LAS VEGAS","0","0","0","0","0","0","1","2024-07-09","1","0","4","1"
"276","20240033","2024-06-26","76869100","Suministros EMMR MEL","0","0","0","0","0","0","1","2024-07-01","1","5100024761","3","1"
"277","20240034","2024-06-26","76869100","SUMINISTRO CAJAS LOGISTICA","0","0","0","0","0","0","1","2024-07-25","0","0","1","1"
"278","20240035","2024-07-09","76869100","MONTAJE MEL semana 4/5","0","0","0","0","0","0","0","0000-00-00","1","0","4","1"
"279","20240036","2024-07-18","83156400","Dossier y manual de operacion ","0","0","0","0","0","0","0","0000-00-00","0","0","1","1"
"280","20240037","2024-07-18","76869100","HPU ESTANDAR","0","0","0","0","0","0","0","0000-00-00","0","0","0","1"
"281","20240038","2024-07-18","76764668","Carro Filtracion","0","0","0","0","0","0","0","0000-00-00","0","0","0","1"
"282","20240039","2024-07-18","83156400","Planimetria MARTILLO PICA ROCA","0","0","0","0","0","0","1","2024-08-14","1","118146073","2","1"
"283","20240040","2024-07-18","76869100","Montaje mel semana 6/7","0","0","0","0","0","0","1","2024-07-25","1","0","4","1"
"284","20240041","2024-07-18","76869100","SUMINISTROS MEL FABRICACION","0","0","0","0","0","0","1","2024-07-25","1","5100024852","4","1"
"285","20240042","2024-07-22","83156400","FABRICACION HPU PICA ROCA","0","0","0","0","0","0","0","0000-00-00","0","0","0","1"
"286","20240043","2024-07-22","83156400","HPU Carguio trenes","0","0","0","0","0","0","0","0000-00-00","0","0","0","1"
"287","20240044","2024-07-30","83156400","SUMINISTRO MATERIALES","0","0","0","0","0","0","0","0000-00-00","0","0","0","1"
"288","20240045","2024-07-31","76869100","MONTAJE EMMR SEMANA 8/9","0","0","0","0","0","0","1","2024-09-23","1","0","4","1"
"289","20240046","2024-07-31","83156400","APU ICV","0","0","0","0","0","0","0","0000-00-00","0","0","0","1"
"290","20240047","2024-08-01","83156400","Cerro Negro","0","0","0","0","0","0","0","0000-00-00","0","0","0","1"
"291","20240048","2024-08-06","83156400","Plano Cañerias ","0","0","0","0","0","0","0","0000-00-00","0","0","5","1"
"292","20240049","2024-08-12","76869100","ARMADO ROBOT BOMBERO","0","0","0","0","0","0","0","0000-00-00","0","0","0","1"
"293","20240050","2024-08-20","83156400","LAVADO COMPONENTES","0","0","0","0","0","0","0","0000-00-00","0","0","0","1"
"294","20240051","2024-08-20","83156400","APU 75HP","0","0","0","0","0","0","0","0000-00-00","0","0","0","1"
"295","20240052","2024-08-27","76869100","ITO CONTROL PLATAFORMA SECUNDARIA","0","0","0","0","0","0","0","0000-00-00","1","5200029259","3","1"
"296","20240053","2024-09-02","83156400","HPU CHUTE","0","0","0","0","0","0","0","0000-00-00","0","0","0","1"
"297","20240054","2024-09-04","83156400","HPU LAINERA","0","0","0","0","0","0","0","0000-00-00","0","0","4","1"
"298","20240055","2024-09-10","76016703","SUMINISTRO CONECTOR EPIC","0","0","0","0","0","0","1","2024-09-22","1","10908","3","1"
"299","20240056","2024-09-10","11111111","PLANTA ACEITUNAS","0","0","0","0","0","0","0","0000-00-00","0","0","5","1"
"300","20240057","2024-09-10","76869100","SUMINISTRO MARCAS","0","0","0","0","0","0","0","0000-00-00","0","0","0","1"
"301","20240058","2024-09-23","76869100","Montaje Emmr Semana 10/11","0","0","0","0","0","0","1","2024-09-23","1","0","4","1"
"302","20240059","2024-09-23","76869100","SEMANA 12/ 13","0","0","0","0","0","0","0","0000-00-00","0","0","0","1"
"303","20240060","2024-09-23","76869100","SEMANA 14/15","0","0","0","0","0","0","0","0000-00-00","0","0","0","1"
"304","20240061","2024-09-25","76869100","ITO PLATAFORMA SECUNDARIA","0","0","0","0","0","0","0","0000-00-00","1","5200029259","3","1"
"305","20240062","2024-09-26","83156400","ESTANQUE BANCO ","0","0","0","0","0","0","1","2024-10-29","0","0","1","1"
"306","20240063","2024-10-09","76869100","ITO PLATAFORMA SECUNDARIA MEL 5","0","0","0","0","0","0","0","0000-00-00","1","5200029259","3","1"
"307","20240064","2024-10-25","11111111","plano codelco","0","0","0","0","0","0","0","0000-00-00","0","0","3","1"
"308","20240065","2024-10-29","83156400","HPU 7,5KW","0","0","0","0","0","0","1","2024-11-07","0","0","1","1"
"309","20240066","2024-10-30","83156400","MLP HPU","0","0","0","0","0","0","0","0000-00-00","0","0","0","1"
"310","20240067","2024-11-05","83156400","HPU /TL/INFRAPLAST","0","0","0","0","0","0","1","2024-11-07","0","0","1","1"
"311","20240068","2024-11-06","76869100","Sistema entrada vehiculos","0","0","0","0","0","0","1","2024-11-08","0","5200028923","4","1"
"312","20240069","2024-11-07","83156400","POWER PACK ANDINOR","0","0","0","0","0","0","1","2024-11-12","0","0","1","1"
"313","20240070","2024-11-11","11111111","SERVICIO ILUMINACION","0","0","0","0","0","0","1","2024-11-12","0","0","5","1"
"314","20240071","2024-11-19","76869100","Ito Plataforma Secundaria Mel 6","0","0","0","0","0","0","0","0000-00-00","1","5200029259","3","1"
"315","20240072","2024-11-21","76869100","Montaje EMMR EXTENDIDA","0","0","0","0","0","0","1","2025-01-30","1","5200028971","4","1"
"316","20240073","2024-11-26","83156400","UPH ANTOFAGASTA","0","0","0","0","0","0","0","0000-00-00","0","0","0","1"
"317","20240074","2024-11-29","76869100","MONTAJE EMMR LITE","0","0","0","0","0","0","1","2025-01-30","1","5200028969","3","1"
"318","20240075","2024-11-29","77561017","SERVICIO INFORMATICO","0","0","0","0","0","0","0","0000-00-00","0","0","3","1"
"319","20240076","2024-12-10","76869100","SUMINISTROS MEL","0","0","0","0","0","0","0","0000-00-00","0","5100025303","3","1"
"320","20240077","2024-12-10","76869100","SUMINISTRO TARJETA CONTROL","0","0","0","0","0","0","0","0000-00-00","1","5200028993","4","1"
"321","20240078","2024-12-16","83156400","CAJA TRANSPORTE COMANDO","0","0","0","0","0","0","1","2024-12-17","0","0","1","1"
"322","20250001","2025-01-03","76869100","TABLERO COPEC","0","0","0","5200029112","988005531.28","6188034643.28","1","2025-01-22","1","5200029112","4","1"
"323","20250002","2025-01-15","76869100","CONTROL ACCESO","0","0","0","0","0","0","0","0000-00-00","0","0","1","1"
"324","20250003","2025-01-21","76869100","EMMR 1 MLP FASE2","0","0","0","0","0","0","1","2025-01-22","1","5200029100","4","1"
"325","20250004","2025-01-21","76869100","Ito Plataforma Secundaria EMMR1 MLP F2","0","0","0","1","0.19","1.19","1","2025-01-21","1","5200029101","3","1"
"326","20250005","2025-01-22","76869100","PRUEBAS HIDRAULICAS CENTRALES","0","0","0","0","0","0","1","2025-01-22","1","5200029122","4","1"
"327","20250006","2025-01-30","76869100","Suministros MEL VARIOS","0","0","0","0","0","0","1","2025-02-04","1","0","4","1"
"328","20250007","2025-02-04","76869100","Suministro Lamicoides","0","0","0","0","0","0","1","2025-02-04","1","0","4","1"
"329","20250008","2025-02-04","11111111","Planos  programacion suministros y bd","0","0","0","0","0","0","0","0000-00-00","0","0","1","1"
"330","20250009","2025-02-05","76869100","SUMINISTRO MEL REDUCCION","0","0","0","0","0","0","1","2025-02-05","1","5100025542","4","1"
"331","20250010","2025-02-05","83156400","PLANO CAÑERIAS SISTEMA LUBRICACION","0","0","0","0","0","0","1","2025-02-05","0","1931","4","1"
"332","20250011","2025-02-05","76869100","SUMINISTRO ADHESIVOS","0","0","0","0","0","0","1","2025-02-06","0","5200029156","4","1"
"333","20250012","2025-02-05","11111111","abastible","0","0","0","0","0","0","0","0000-00-00","0","0","0","1"
"334","20250013","2025-02-07","76869100","INTEGRACION TABLERO LAVADO","0","0","0","0","0","0","0","0000-00-00","0","5200029192","4","1"
"335","20250014","2025-02-12","11111111","HPU MOTOR DIESEL","0","0","0","0","0","0","0","0000-00-00","0","0","0","1"
"336","20250015","2025-02-14","83156400","PLANO PLACA","0","0","0","0","0","0","0","0000-00-00","0","0","0","1"
"337","20250016","2025-02-17","76869100","SUMINISTRO ETIQUETAS","0","0","0","0","0","0","1","2025-03-06","1","0","4","1"
"338","20250017","2025-02-20","76869100","EMMR COLLAHUASI F2","0","0","0","0","0","0","1","2025-07-15","0","0","1","1"
"339","20250018","2025-02-28","76869100","TABLEROS BHP","0","0","0","0","0","0","0","0000-00-00","0","0","3","1"
"340","20250019","2025-03-05","83156400","FABRICACION CAÑERIAS","0","0","0","0","0","0","0","0000-00-00","0","0","1","1"
"341","20250020","2025-03-05","89906900","SMC","0","0","0","0","0","0","0","0000-00-00","0","0","1","1"
"342","20250021","2025-03-12","11111111","Integracion Tableros TSE","0","0","0","0","0","0","0","0000-00-00","0","0","5","1"
"343","20250022","2025-03-14","87801300","TABLERO FILTRADO","0","0","0","0","0","0","0","0000-00-00","0","0","0","1"
"344","20250023","2025-03-18","83156400","INGENIERIA FRANKE","0","0","0","0","0","0","0","0000-00-00","0","0","0","1"
"345","20250024","2025-03-18","83156400","INGENIERIA STACKER","0","0","0","0","0","0","0","0000-00-00","0","0","0","1"
"346","20250025","2025-03-19","83156400","INGENIERIA PUERTO MEJILLONES","0","0","0","0","0","0","0","0000-00-00","0","0","5","1"
"347","20250026","2025-03-19","83156400","SERVICIO MOLYCOP","0","0","0","0","0","0","0","0000-00-00","0","0","0","1"
"348","20250027","2025-03-25","76869100","MEJORAS COPEC","0","0","0","0","0","0","1","2025-04-03","1","0","3","1"
"349","20250028","2025-03-28","83156400","MOLYB","0","0","0","0","0","0","1","2025-04-02","0","0","1","1"
"350","20250029","2025-04-03","83156400","Carro Lavado","0","0","0","0","0","0","0","0000-00-00","0","0","0","1"
"351","20250030","2025-04-07","77146365","MICRO ARDUINO","0","0","0","0","0","0","0","0000-00-00","0","0","0","1"
"352","20250031","2025-04-08","77146365","REPARACION MAQUETA","0","0","0","0","0","0","0","0000-00-00","0","0","4","1"
"353","20250032","2025-04-14","76869100","integracion tablero reemplazo 2025_0027","0","0","0","0","0","0","0","0000-00-00","0","0","0","1"
"354","20250033","2025-04-15","76869100","INTEGRACION TABLEROS CODELCO","0","0","0","0","0","0","1","2025-04-29","1","5200029375","3","1"
"355","20250034","2025-04-17","76869100","Servicio Microfiltrado","0","0","0","0","0","0","0","0000-00-00","0","5200029558","4","1"
"356","20250035","2025-05-20","76869100","Suministro Logotipos","0","0","0","0","0","0","0","0000-00-00","1","0","4","1"
"357","20250036","2025-05-28","76227763","Levantamiento Banco Pruebas","0","0","0","0","0","0","0","0000-00-00","1","282625","3","1"
"358","20250037","2025-05-29","77729745","TABLERO","0","0","0","0","0","0","0","0000-00-00","0","0","5","1"
"359","20250038","2025-06-03","76869100","TABLERO CMP","0","0","0","0","0","0","0","0000-00-00","0","0","4","1"
"360","20250039","2025-06-06","76227763","MANTENCION BANCO DE PRUEBAS ","0","0","0","0","0","0","0","0000-00-00","0","0","5","1"
"361","20250040","2025-06-09","77552582","BANCO PRUEBA CILINDROS","0","0","0","0","0","0","0","0000-00-00","0","0","0","1"
"362","20250041","2025-06-09","83156400","Suministro PE","0","0","0","0","0","0","0","0000-00-00","0","0","1","1"
"363","20250042","2025-06-10","11111111","HPU Vignola","0","0","0","0","0","0","0","0000-00-00","0","0","5","1"
"364","20250043","2025-06-11","83156400","HPU CHUTE Anglo","0","0","0","0","0","0","1","2025-11-12","1","5855","2","1"
"365","20250044","2025-06-12","11111111","HPU dos Etapas","0","0","0","0","0","0","0","0000-00-00","0","0","0","1"
"366","20250045","2025-06-19","11111111","Consola perforadora","0","0","0","0","0","0","0","0000-00-00","0","0","0","1"
"367","20250046","2025-06-26","77003406","MONTAJE ELECTRICO","0","0","0","0","0","0","0","0000-00-00","0","0","5","1"
"368","20250047","2025-07-01","76889388","Ingenieria Chiller","0","0","0","0","0","0","0","0000-00-00","1","0","2","1"
"369","20250048","2025-07-02","76869100","EMMR Varios HH","0","0","0","0","0","0","1","2025-07-02","0","0","1","1"
"370","20250049","2025-07-02","76869100","SUMINISTRO TRICEPTOR","0","0","0","0","0","0","1","2025-07-02","1","5100025840","4","1"
"371","20250050","2025-07-08","11111111","MP Mantencion tijera elevadora","0","0","0","0","0","0","0","0000-00-00","0","0","1","1"
"372","20250051","2025-07-08","11111111","MP izaje","0","0","0","0","0","0","0","0000-00-00","0","0","1","1"
"373","20250052","2025-07-15","11111111","COLEGIO MEMBRILLAR","0","0","0","0","0","0","0","0000-00-00","0","0","1","1"
"374","20250053","2025-07-15","76869100","INTEGRACION TABLEROS INCHANCABLES ADICIONAL","0","0","0","0","0","0","1","2025-07-15","1","0","4","1"
"375","20250054","2025-08-06","76167834","Planos ","0","0","0","0","0","0","0","0000-00-00","1","4801075745","2","1"
"376","20250055","2025-08-13","76167834","Montaje Paranal","0","0","0","0","0","0","1","2025-08-26","0","0","1","1"
"377","20250056","2025-08-20","76869100","TABLEROS CMP","0","0","0","0","0","0","1","2025-08-26","0","0","2","1"
"378","20250057","2025-08-21","83156400","APU CARRO ARRASTRE","0","0","0","0","0","0","1","2025-08-21","0","0","1","1"
"379","20250058","2025-08-21","77729745","Tablero y Otros","0","0","0","0","0","0","1","2025-08-21","0","0","1","1"
"380","20250059","2025-08-26","11111111","CESFAM","0","0","0","0","0","0","0","0000-00-00","0","0","0","1"
"381","20250060","2025-08-28","83156400","CARRO CARGA BOLAS SALVADOR","0","0","0","0","0","0","0","0000-00-00","0","0","0","1"
"382","20250061","2025-08-29","76869100","TABLEROS AUXILIARES CMP","0","0","0","0","0","0","0","0000-00-00","0","0","0","1"
"383","20250062","2025-08-29","76869100","ENVOLVENTES KRC Y PANEL DE OP","0","0","0","0","0","0","0","0000-00-00","0","0","0","1"
"384","20250063","2025-09-01","76889388","MANTENCION","0","0","0","0","0","0","0","0000-00-00","0","0","2","1"
"385","20250064","2025-09-01","77857788","SUMINISTRO HPU","0","0","0","0","0","0","0","0000-00-00","0","0","0","1"
"386","20250065","2025-09-04","76167834","INTEGRACION TABLEROS ","0","0","0","0","0","0","0","0000-00-00","0","0","5","1"
"387","20250066","2025-09-08","76869100","PANEL CMP","0","0","0","0","0","0","0","0000-00-00","0","0","5","1"
"388","20250067","2025-09-24","11111111","SISTEMA REFRIGERACION","0","0","0","0","0","0","0","0000-00-00","0","0","0","1"
"389","20250068","2025-09-25","77129320","Cambio sistema enfriamiento","0","0","0","0","0","0","0","0000-00-00","0","0","5","1"
"390","20250069","2025-10-20","76167834","Robot Nomad","0","0","0","0","0","0","0","0000-00-00","1","0","2","1"
"391","20250070","2025-10-21","76167834","Integracion Tableros","0","0","0","0","0","0","0","0000-00-00","1","0","2","1"
"392","20250071","2025-11-10","76167834","Asesoria Tecnica","0","0","0","0","0","0","0","0000-00-00","1","0","2","1"
"393","20250072","2025-11-12","83156400","MECANIZADO CONJUNTO MOTOR BOMBA","0","0","0","0","0","0","0","0000-00-00","1","6155","4","1"
